5b79de1cbe0b74279c9e29a2,abcde,1534767111401-skype-2.png,100,abcd,1,5b79dec5be0b74279c9e29aa
5b79de1cbe0b74279c9e29a2,dsafjlk,1534768469580-skype-2.png,123,abcd,22,5b79dec5be0b74279c9e29aa
5b79de1cbe0b74279c9e29a2,F;KSA,1534768573908-skype-2.png,20,dlsaj,99,5b79dec5be0b74279c9e29aa
5b79de1cbe0b74279c9e29a2,fdjlask,1534768687683-skype-2.png,12,abcd,2,5b79dec5be0b74279c9e29aa
5b79de1cbe0b74279c9e29a2,dlasjf,1534768740655-skype-2.png,12,saami,2,5b79dec5be0b74279c9e29aa
5b79de41be0b74279c9e29a3,abcd,1534768766411-skype-2.png,30,,3,5b79deecbe0b74279c9e29ac
5b79de41be0b74279c9e29a3,abcd,1534769022808-skype-2.png,12,saami3,2,
5b79de1cbe0b74279c9e29a2,abcd,1534769191068-skype-2.png,12,product1,2,5b79dec5be0b74279c9e29aa
5b79de5fbe0b74279c9e29a4,abcd,1534769236813-skype-2.png,20,product 2,2,5b79deecbe0b74279c9e29ac
5b79de41be0b74279c9e29a3,abcd,1534769382184-skype-2.png,20,new1,2,5b79dec5be0b74279c9e29aa
5b79de5fbe0b74279c9e29a4,dsafd,1534769406020-skype-2.png,22,new2,2,5b79deecbe0b74279c9e29ac
5b79de1cbe0b74279c9e29a2,nedd,1534769767661-skype-2.png,20,new1,2,5b79dec5be0b74279c9e29aa
5b79de41be0b74279c9e29a3,lafj,1534769790362-skype-2.png,30,new2,2,5b79deecbe0b74279c9e29ac
5b79de5fbe0b74279c9e29a4,dlsakj,1534769930977-skype-2.png,20,new1,3,5b79dedcbe0b74279c9e29ab
5b79de41be0b74279c9e29a3,fja,1534770358335-skype-2.png,20,abcd,2,5b79deecbe0b74279c9e29ac
5b79de1cbe0b74279c9e29a2,abcd,1534771186011-skype-2.png,20,new1,2,5b79dec5be0b74279c9e29aa
5b79de5fbe0b74279c9e29a4,abcd,1534771206230-skype-2.png,20,new2,2,5b79dedcbe0b74279c9e29ab
5b79de41be0b74279c9e29a3,fldsaj,1534771347740-skype-2.png,20,new1,2,5b79deecbe0b74279c9e29ac
5b79de41be0b74279c9e29a3,fajsl,1534771366068-skype-2.png,22,new2,3,5b79dedcbe0b74279c9e29ab
5b79de1cbe0b74279c9e29a2,dsfa,1534771476135-skype-2.png,21,new1,2,5b79dec5be0b74279c9e29aa
5b79de41be0b74279c9e29a3,andlsaf,1534771515935-skype-2.png,20,new2,2,5b79dedcbe0b74279c9e29ab
5b79de1cbe0b74279c9e29a2,abcd,1534771867199-skype-2.png,10,,2,5b79dec5be0b74279c9e29aa
5b79de41be0b74279c9e29a3,fdsa,1534771888441-skype-2.png,3,new2,3,5b79dedcbe0b74279c9e29ab
5b79de41be0b74279c9e29a3,abcd,1534772122039-skype-2.png,10,new,2,5b79dedcbe0b74279c9e29ab
5b79de1cbe0b74279c9e29a2,abcd,1534772182153-productcatalog.products.csv,20,sabcd,2,5b79dedcbe0b74279c9e29ab
5b79de1cbe0b74279c9e29a2,dsaljf,1534776562824-skype-2.png,12,new,2,5b79dec5be0b74279c9e29aa
5b79de41be0b74279c9e29a3,fljdas,1534776671535-skype-2.png,99,abcd,9,5b79dedcbe0b74279c9e29ab
5b79de1cbe0b74279c9e29a2,lkjfsda,1534776751399-skype-2.png,99,fldjksal,9,
5b79de1cbe0b74279c9e29a2,fdjksalk,1534776816334-skype-2.png,99,new1,9,5b79dedcbe0b74279c9e29ab
5b79de1cbe0b74279c9e29a2,sjalkfjk,1534776918548-skype-2.png,999,new2,1,5b79dec5be0b74279c9e29aa
5b79de1cbe0b74279c9e29a2,QWERTY,1534777939413-skype-2.png,10,Saami,24,5b79dec5be0b74279c9e29aa
5b79de1cbe0b74279c9e29a2,QWERTY,1534777998439-skype-2.png,10,Saami,13,5b79dec5be0b74279c9e29aa
5b79de41be0b74279c9e29a3,QWERTY,1534778066479-skype-2.png,10,,14,5b79dedcbe0b74279c9e29ab
5b79de1cbe0b74279c9e29a2,QWERTY,1534778296472-skype-2.png,123,Saami,23,5b79dec5be0b74279c9e29aa
5b79de1cbe0b74279c9e29a2,34567,1534778457555-skype-2.png,23,Saam,23,5b79dec5be0b74279c9e29aa
5b79de1cbe0b74279c9e29a2,#$%^&,1534778474012-skype-2.png,23,,234,5b79dec5be0b74279c9e29aa
5b79de1cbe0b74279c9e29a2,WERTY,1534778545028-skype-2.png,123,Saami,23,5b79dec5be0b74279c9e29aa
5b79de1cbe0b74279c9e29a2,POIUY,1534778569653-skype-2.png,45,,45,5b79dec5be0b74279c9e29aa
5b79de1cbe0b74279c9e29a2,WERTYU,1534778654612-skype-2.png,34,QWERT,34,5b79dedcbe0b74279c9e29ab
5b79de1cbe0b74279c9e29a2,ERTYU,1534778690704-skype-2.png,56,OIU,65,5b79dec5be0b74279c9e29aa
5b79de1cbe0b74279c9e29a2,ERTYU,1534778770749-skype-2.png,3,QWERT,34,5b79dec5be0b74279c9e29aa
5b79de1cbe0b74279c9e29a2,rtyu,1534778788748-skype-2.png,5,,6,5b79dec5be0b74279c9e29aa
5b79de1cbe0b74279c9e29a2,rdtfgyjhkjl,1534778891853-skype-2.png,456,ftygjk,456,5b79dec5be0b74279c9e29aa
5b79de1cbe0b74279c9e29a2,erty,1534779202567-skype-2.png,354,Saami,54,5b79dec5be0b74279c9e29aa
5b79de1cbe0b74279c9e29a2,ctvyug,1534779218718-skype-2.png,3,,4,5b79dedcbe0b74279c9e29ab
5b79de1cbe0b74279c9e29a2,dfhj,1534779564393-skype-2.png,5678,2345,56,5b79dec5be0b74279c9e29aa
5b79de1cbe0b74279c9e29a2,ftygb,1534779622041-skype-2.png,56,ftg,56,5b79dec5be0b74279c9e29aa
5b79de1cbe0b74279c9e29a2,ghj kj,1534779694003-skype-2.png,67,ytu,67,5b79dec5be0b74279c9e29aa
5b79de1cbe0b74279c9e29a2,ghj kj,1534779712798-skype-2.png,67,ytu,67,5b79dec5be0b74279c9e29aa
5b79de1cbe0b74279c9e29a2,fjyhbk,1534779737822-skype-2.png,67,,7,5b79dec5be0b74279c9e29aa
5b79de1cbe0b74279c9e29a2,fh bhjk,1534779953161-skype-2.png,6,dfg,678,5b79dec5be0b74279c9e29aa
5b79de1cbe0b74279c9e29a2,hgvjhbkj,1534780055180-skype-2.png,89,gjh,98,5b79dec5be0b74279c9e29aa
5b79de1cbe0b74279c9e29a2,gyuihknj,1534780276140-skype-2.png,7,ftuyg,7,5b79dec5be0b74279c9e29aa
5b79de1cbe0b74279c9e29a2,dsflkajlfj,1534780381486-skype-2.png,99,new2,9,5b79dedcbe0b74279c9e29ab
5b79de1cbe0b74279c9e29a2,fdsja,1534780542847-skype-2.png,22,new 3,5,5b79dedcbe0b74279c9e29ab
5b79de1cbe0b74279c9e29a2,jlkfa,1534782547324-skype-2.png,88,sdlj,8,5b79dedcbe0b74279c9e29ab
5b79de1cbe0b74279c9e29a2,jfi,1534782585282-skype-2.png,88,dsfa,8,5b79dec5be0b74279c9e29aa
5b79de1cbe0b74279c9e29a2,fhklds,1534782639664-skype-2.png,88,dfasjl,8,5b79dec5be0b74279c9e29aa
